-- MariaDB dump 10.19  Distrib 10.4.32-MariaDB, for Win64 (AMD64)
--
-- Host: localhost    Database: BetSYS
-- ------------------------------------------------------
-- Server version	10.4.32-MariaDB

/*!40101 SET @OLD_CHARACTER_SET_CLIENT=@@CHARACTER_SET_CLIENT */;
/*!40101 SET @OLD_CHARACTER_SET_RESULTS=@@CHARACTER_SET_RESULTS */;
/*!40101 SET @OLD_COLLATION_CONNECTION=@@COLLATION_CONNECTION */;
/*!40101 SET NAMES utf8mb4 */;
/*!40103 SET @OLD_TIME_ZONE=@@TIME_ZONE */;
/*!40103 SET TIME_ZONE='+00:00' */;
/*!40014 SET @OLD_UNIQUE_CHECKS=@@UNIQUE_CHECKS, UNIQUE_CHECKS=0 */;
/*!40014 SET @OLD_FOREIGN_KEY_CHECKS=@@FOREIGN_KEY_CHECKS, FOREIGN_KEY_CHECKS=0 */;
/*!40101 SET @OLD_SQL_MODE=@@SQL_MODE, SQL_MODE='NO_AUTO_VALUE_ON_ZERO' */;
/*!40111 SET @OLD_SQL_NOTES=@@SQL_NOTES, SQL_NOTES=0 */;

--
-- Table structure for table `bets`
--

DROP TABLE IF EXISTS `bets`;
/*!40101 SET @saved_cs_client     = @@character_set_client */;
/*!40101 SET character_set_client = utf8 */;
CREATE TABLE `bets` (
  `betID` tinyint(3) NOT NULL AUTO_INCREMENT,
  `betAmount` decimal(5,2) DEFAULT NULL,
  `Odds` decimal(3,2) NOT NULL,
  `betStatus` enum('w','l','np') NOT NULL,
  `fk_accountID` tinyint(3) NOT NULL,
  `fk_fixtureID` smallint(3) NOT NULL,
  `fk_TeamPicked` varchar(30) NOT NULL,
  PRIMARY KEY (`betID`),
  KEY `fk_fixtureID` (`fk_fixtureID`),
  KEY `fk_accountID` (`fk_accountID`),
  KEY `fk_TeamPicked` (`fk_TeamPicked`),
  CONSTRAINT `bets_ibfk_1` FOREIGN KEY (`fk_fixtureID`) REFERENCES `fixtures` (`fixtureID`),
  CONSTRAINT `bets_ibfk_2` FOREIGN KEY (`fk_accountID`) REFERENCES `customers` (`accountID`),
  CONSTRAINT `bets_ibfk_3` FOREIGN KEY (`fk_TeamPicked`) REFERENCES `teams` (`name`)
) ENGINE=InnoDB DEFAULT CHARSET=utf8mb4 COLLATE=utf8mb4_general_ci;
/*!40101 SET character_set_client = @saved_cs_client */;

--
-- Dumping data for table `bets`
--

LOCK TABLES `bets` WRITE;
/*!40000 ALTER TABLE `bets` DISABLE KEYS */;
/*!40000 ALTER TABLE `bets` ENABLE KEYS */;
UNLOCK TABLES;

--
-- Table structure for table `customers`
--

DROP TABLE IF EXISTS `customers`;
/*!40101 SET @saved_cs_client     = @@character_set_client */;
/*!40101 SET character_set_client = utf8 */;
CREATE TABLE `customers` (
  `accountID` tinyint(3) NOT NULL AUTO_INCREMENT,
  `forename` varchar(20) NOT NULL,
  `surname` varchar(20) NOT NULL,
  `DOB` date NOT NULL,
  `phone` varchar(10) DEFAULT NULL,
  `email` varchar(40) NOT NULL,
  `postcode` char(7) NOT NULL,
  `status` enum('a','c') NOT NULL,
  `balance` decimal(7,2) DEFAULT 0.00,
  PRIMARY KEY (`accountID`)
) ENGINE=InnoDB AUTO_INCREMENT=5 DEFAULT CHARSET=utf8mb4 COLLATE=utf8mb4_general_ci;
/*!40101 SET character_set_client = @saved_cs_client */;

--
-- Dumping data for table `customers`
--

LOCK TABLES `customers` WRITE;
/*!40000 ALTER TABLE `customers` DISABLE KEYS */;
INSERT INTO `customers` VALUES (1,'Cillian','Doody','2002-06-24','0874667264','Cillian@gmail.com','p51k1c6','a',0.00),(2,'Dj','Mac','1953-11-23','0851234567','DJ@gmail.com','v315b32','a',0.00),(3,'Brian','Purcell','2004-06-15','0863457396','Brian@gmail.com','v31t305','a',0.00),(4,'Jack','Leonard','2006-03-31','0837452344','Jack@gmail.com','b34j4u8','a',123.00);
/*!40000 ALTER TABLE `customers` ENABLE KEYS */;
UNLOCK TABLES;

--
-- Table structure for table `fixtures`
--

DROP TABLE IF EXISTS `fixtures`;
/*!40101 SET @saved_cs_client     = @@character_set_client */;
/*!40101 SET character_set_client = utf8 */;
CREATE TABLE `fixtures` (
  `fixtureID` smallint(3) NOT NULL AUTO_INCREMENT,
  `fk_HTeam` varchar(30) NOT NULL,
  `fk_ATeam` varchar(30) NOT NULL,
  `OddsHTeam` decimal(3,2) NOT NULL,
  `OddsATeam` decimal(3,2) NOT NULL,
  `Fdate` date NOT NULL,
  `Ftime` time DEFAULT NULL,
  `Score1` tinyint(2) DEFAULT NULL,
  `Score2` tinyint(2) DEFAULT NULL,
  PRIMARY KEY (`fixtureID`),
  KEY `fk_HTeam` (`fk_HTeam`),
  KEY `fk_ATeam` (`fk_ATeam`),
  CONSTRAINT `fixtures_ibfk_1` FOREIGN KEY (`fk_HTeam`) REFERENCES `teams` (`name`),
  CONSTRAINT `fixtures_ibfk_2` FOREIGN KEY (`fk_ATeam`) REFERENCES `teams` (`name`)
) ENGINE=InnoDB AUTO_INCREMENT=381 DEFAULT CHARSET=utf8mb4 COLLATE=utf8mb4_general_ci;
/*!40101 SET character_set_client = @saved_cs_client */;

--
-- Dumping data for table `fixtures`
--

LOCK TABLES `fixtures` WRITE;
/*!40000 ALTER TABLE `fixtures` DISABLE KEYS */;
INSERT INTO `fixtures` VALUES (1,'Wolverhampton Wanderers','Brentford',0.00,0.00,'2024-08-17','17:00:00',0,0),(2,'Brentford','Wolverhampton Wanderers',0.00,0.00,'2024-12-28','15:00:00',0,0),(3,'Manchester City','Aston Villa',0.00,0.00,'2024-08-17','14:00:00',0,0),(4,'Aston Villa','Manchester City',0.00,0.00,'2024-12-28','12:30:00',0,0),(5,'Manchester United','Luton Town',0.00,0.00,'2024-08-17','17:00:00',0,0),(6,'Luton Town','Manchester United',0.00,0.00,'2024-12-28','17:00:00',0,0),(7,'Arsenal','West Ham United',0.00,0.00,'2024-08-17','14:00:00',0,0),(8,'West Ham United','Arsenal',0.00,0.00,'2024-12-28','20:00:00',0,0),(9,'Tottenham Hotspur','Brighton',0.00,0.00,'2024-08-17','14:00:00',0,0),(10,'Brighton','Tottenham Hotspur',0.00,0.00,'2024-12-28','14:00:00',0,0),(11,'Fulham','Bournemouth',0.00,0.00,'2024-08-17','12:30:00',0,0),(12,'Bournemouth','Fulham',0.00,0.00,'2024-12-28','20:00:00',0,0),(13,'Sheffield United','Newcastle United',0.00,0.00,'2024-08-17','12:30:00',0,0),(14,'Newcastle United','Sheffield United',0.00,0.00,'2024-12-28','14:00:00',0,0),(15,'Everton','Burnley',0.00,0.00,'2024-08-17','12:30:00',0,0),(16,'Burnley','Everton',0.00,0.00,'2024-12-28','12:30:00',0,0),(17,'Nottingham Forest','Liverpool',0.00,0.00,'2024-08-17','17:00:00',0,0),(18,'Liverpool','Nottingham Forest',0.00,0.00,'2024-12-28','15:00:00',0,0),(19,'Crystal Palace','Chelsea',0.00,0.00,'2024-08-17','14:00:00',0,0),(20,'Chelsea','Crystal Palace',0.00,0.00,'2024-12-28','14:00:00',0,0),(21,'Wolverhampton Wanderers','Manchester City',0.00,0.00,'2024-08-25','12:30:00',0,0),(22,'Manchester City','Wolverhampton Wanderers',0.00,0.00,'2025-01-05','12:30:00',0,0),(23,'Manchester United','Brentford',0.00,0.00,'2024-08-25','12:30:00',0,0),(24,'Brentford','Manchester United',0.00,0.00,'2025-01-05','17:00:00',0,0),(25,'Arsenal','Aston Villa',0.00,0.00,'2024-08-25','17:00:00',0,0),(26,'Aston Villa','Arsenal',0.00,0.00,'2025-01-05','20:00:00',0,0),(27,'Tottenham Hotspur','Luton Town',0.00,0.00,'2024-08-25','15:00:00',0,0),(28,'Luton Town','Tottenham Hotspur',0.00,0.00,'2025-01-05','17:00:00',0,0),(29,'Fulham','West Ham United',0.00,0.00,'2024-08-25','15:00:00',0,0),(30,'West Ham United','Fulham',0.00,0.00,'2025-01-05','17:00:00',0,0),(31,'Sheffield United','Brighton',0.00,0.00,'2024-08-25','20:00:00',0,0),(32,'Brighton','Sheffield United',0.00,0.00,'2025-01-05','17:00:00',0,0),(33,'Everton','Bournemouth',0.00,0.00,'2024-08-25','15:00:00',0,0),(34,'Bournemouth','Everton',0.00,0.00,'2025-01-05','12:30:00',0,0),(35,'Nottingham Forest','Newcastle United',0.00,0.00,'2024-08-25','17:00:00',0,0),(36,'Newcastle United','Nottingham Forest',0.00,0.00,'2025-01-05','14:00:00',0,0),(37,'Crystal Palace','Burnley',0.00,0.00,'2024-08-25','20:00:00',0,0),(38,'Burnley','Crystal Palace',0.00,0.00,'2025-01-05','20:00:00',0,0),(39,'Chelsea','Liverpool',0.00,0.00,'2024-08-25','17:00:00',0,0),(40,'Liverpool','Chelsea',0.00,0.00,'2025-01-05','17:00:00',0,0),(41,'Wolverhampton Wanderers','Manchester United',0.00,0.00,'2024-08-31','20:00:00',0,0),(42,'Manchester United','Wolverhampton Wanderers',0.00,0.00,'2025-01-11','17:00:00',0,0),(43,'Arsenal','Manchester City',0.00,0.00,'2024-08-31','17:00:00',0,0),(44,'Manchester City','Arsenal',0.00,0.00,'2025-01-11','12:30:00',0,0),(45,'Tottenham Hotspur','Brentford',0.00,0.00,'2024-08-31','12:30:00',0,0),(46,'Brentford','Tottenham Hotspur',0.00,0.00,'2025-01-11','17:00:00',0,0),(47,'Fulham','Aston Villa',0.00,0.00,'2024-08-31','17:00:00',0,0),(48,'Aston Villa','Fulham',0.00,0.00,'2025-01-11','15:00:00',0,0),(49,'Sheffield United','Luton Town',0.00,0.00,'2024-08-31','15:00:00',0,0),(50,'Luton Town','Sheffield United',0.00,0.00,'2025-01-11','14:00:00',0,0),(51,'Everton','West Ham United',0.00,0.00,'2024-08-31','14:00:00',0,0),(52,'West Ham United','Everton',0.00,0.00,'2025-01-11','15:00:00',0,0),(53,'Nottingham Forest','Brighton',0.00,0.00,'2024-08-31','14:00:00',0,0),(54,'Brighton','Nottingham Forest',0.00,0.00,'2025-01-11','17:00:00',0,0),(55,'Crystal Palace','Bournemouth',0.00,0.00,'2024-08-31','20:00:00',0,0),(56,'Bournemouth','Crystal Palace',0.00,0.00,'2025-01-11','17:00:00',0,0),(57,'Chelsea','Newcastle United',0.00,0.00,'2024-08-31','12:30:00',0,0),(58,'Newcastle United','Chelsea',0.00,0.00,'2025-01-11','15:00:00',0,0),(59,'Liverpool','Burnley',0.00,0.00,'2024-08-31','15:00:00',0,0),(60,'Burnley','Liverpool',0.00,0.00,'2025-01-11','15:00:00',0,0),(61,'Wolverhampton Wanderers','Arsenal',0.00,0.00,'2024-09-08','15:00:00',0,0),(62,'Arsenal','Wolverhampton Wanderers',0.00,0.00,'2025-01-19','15:00:00',0,0),(63,'Tottenham Hotspur','Manchester United',0.00,0.00,'2024-09-08','17:00:00',0,0),(64,'Manchester United','Tottenham Hotspur',0.00,0.00,'2025-01-19','14:00:00',0,0),(65,'Fulham','Manchester City',0.00,0.00,'2024-09-08','14:00:00',0,0),(66,'Manchester City','Fulham',0.00,0.00,'2025-01-19','12:30:00',0,0),(67,'Sheffield United','Brentford',0.00,0.00,'2024-09-08','14:00:00',0,0),(68,'Brentford','Sheffield United',0.00,0.00,'2025-01-19','12:30:00',0,0),(69,'Everton','Aston Villa',0.00,0.00,'2024-09-08','12:30:00',0,0),(70,'Aston Villa','Everton',0.00,0.00,'2025-01-19','12:30:00',0,0),(71,'Nottingham Forest','Luton Town',0.00,0.00,'2024-09-08','20:00:00',0,0),(72,'Luton Town','Nottingham Forest',0.00,0.00,'2025-01-19','12:30:00',0,0),(73,'Crystal Palace','West Ham United',0.00,0.00,'2024-09-08','14:00:00',0,0),(74,'West Ham United','Crystal Palace',0.00,0.00,'2025-01-19','15:00:00',0,0),(75,'Chelsea','Brighton',0.00,0.00,'2024-09-08','17:00:00',0,0),(76,'Brighton','Chelsea',0.00,0.00,'2025-01-19','17:00:00',0,0),(77,'Liverpool','Bournemouth',0.00,0.00,'2024-09-08','20:00:00',0,0),(78,'Bournemouth','Liverpool',0.00,0.00,'2025-01-19','15:00:00',0,0),(79,'Burnley','Newcastle United',0.00,0.00,'2024-09-08','12:30:00',0,0),(80,'Newcastle United','Burnley',0.00,0.00,'2025-01-19','17:00:00',0,0),(81,'Wolverhampton Wanderers','Tottenham Hotspur',0.00,0.00,'2024-09-14','15:00:00',0,0),(82,'Tottenham Hotspur','Wolverhampton Wanderers',0.00,0.00,'2025-01-25','15:00:00',0,0),(83,'Fulham','Arsenal',0.00,0.00,'2024-09-14','20:00:00',0,0),(84,'Arsenal','Fulham',0.00,0.00,'2025-01-25','14:00:00',0,0),(85,'Sheffield United','Manchester United',0.00,0.00,'2024-09-14','15:00:00',0,0),(86,'Manchester United','Sheffield United',0.00,0.00,'2025-01-25','17:00:00',0,0),(87,'Everton','Manchester City',0.00,0.00,'2024-09-14','14:00:00',0,0),(88,'Manchester City','Everton',0.00,0.00,'2025-01-25','12:30:00',0,0),(89,'Nottingham Forest','Brentford',0.00,0.00,'2024-09-14','12:30:00',0,0),(90,'Brentford','Nottingham Forest',0.00,0.00,'2025-01-25','15:00:00',0,0),(91,'Crystal Palace','Aston Villa',0.00,0.00,'2024-09-14','17:00:00',0,0),(92,'Aston Villa','Crystal Palace',0.00,0.00,'2025-01-25','12:30:00',0,0),(93,'Chelsea','Luton Town',0.00,0.00,'2024-09-14','20:00:00',0,0),(94,'Luton Town','Chelsea',0.00,0.00,'2025-01-25','12:30:00',0,0),(95,'Liverpool','West Ham United',0.00,0.00,'2024-09-14','15:00:00',0,0),(96,'West Ham United','Liverpool',0.00,0.00,'2025-01-25','12:30:00',0,0),(97,'Burnley','Brighton',0.00,0.00,'2024-09-14','12:30:00',0,0),(98,'Brighton','Burnley',0.00,0.00,'2025-01-25','17:00:00',0,0),(99,'Newcastle United','Bournemouth',0.00,0.00,'2024-09-14','15:00:00',0,0),(100,'Bournemouth','Newcastle United',0.00,0.00,'2025-01-25','12:30:00',0,0),(101,'Wolverhampton Wanderers','Fulham',0.00,0.00,'2024-09-22','14:00:00',0,0),(102,'Fulham','Wolverhampton Wanderers',0.00,0.00,'2025-02-02','15:00:00',0,0),(103,'Sheffield United','Tottenham Hotspur',0.00,0.00,'2024-09-22','17:00:00',0,0),(104,'Tottenham Hotspur','Sheffield United',0.00,0.00,'2025-02-02','15:00:00',0,0),(105,'Everton','Arsenal',0.00,0.00,'2024-09-22','15:00:00',0,0),(106,'Arsenal','Everton',0.00,0.00,'2025-02-02','14:00:00',0,0),(107,'Nottingham Forest','Manchester United',0.00,0.00,'2024-09-22','12:30:00',0,0),(108,'Manchester United','Nottingham Forest',0.00,0.00,'2025-02-02','17:00:00',0,0),(109,'Crystal Palace','Manchester City',0.00,0.00,'2024-09-22','12:30:00',0,0),(110,'Manchester City','Crystal Palace',0.00,0.00,'2025-02-02','15:00:00',0,0),(111,'Chelsea','Brentford',0.00,0.00,'2024-09-22','14:00:00',0,0),(112,'Brentford','Chelsea',0.00,0.00,'2025-02-02','12:30:00',0,0),(113,'Liverpool','Aston Villa',0.00,0.00,'2024-09-22','20:00:00',0,0),(114,'Aston Villa','Liverpool',0.00,0.00,'2025-02-02','20:00:00',0,0),(115,'Burnley','Luton Town',0.00,0.00,'2024-09-22','17:00:00',0,0),(116,'Luton Town','Burnley',0.00,0.00,'2025-02-02','14:00:00',0,0),(117,'Newcastle United','West Ham United',0.00,0.00,'2024-09-22','14:00:00',0,0),(118,'West Ham United','Newcastle United',0.00,0.00,'2025-02-02','17:00:00',0,0),(119,'Bournemouth','Brighton',0.00,0.00,'2024-09-22','15:00:00',0,0),(120,'Brighton','Bournemouth',0.00,0.00,'2025-02-02','17:00:00',0,0),(121,'Wolverhampton Wanderers','Sheffield United',0.00,0.00,'2024-09-28','14:00:00',0,0),(122,'Sheffield United','Wolverhampton Wanderers',0.00,0.00,'2025-02-08','17:00:00',0,0),(123,'Everton','Fulham',0.00,0.00,'2024-09-28','15:00:00',0,0),(124,'Fulham','Everton',0.00,0.00,'2025-02-08','12:30:00',0,0),(125,'Nottingham Forest','Tottenham Hotspur',0.00,0.00,'2024-09-28','15:00:00',0,0),(126,'Tottenham Hotspur','Nottingham Forest',0.00,0.00,'2025-02-08','14:00:00',0,0),(127,'Crystal Palace','Arsenal',0.00,0.00,'2024-09-28','17:00:00',0,0),(128,'Arsenal','Crystal Palace',0.00,0.00,'2025-02-08','15:00:00',0,0),(129,'Chelsea','Manchester United',0.00,0.00,'2024-09-28','15:00:00',0,0),(130,'Manchester United','Chelsea',0.00,0.00,'2025-02-08','15:00:00',0,0),(131,'Liverpool','Manchester City',0.00,0.00,'2024-09-28','17:00:00',0,0),(132,'Manchester City','Liverpool',0.00,0.00,'2025-02-08','17:00:00',0,0),(133,'Burnley','Brentford',0.00,0.00,'2024-09-28','12:30:00',0,0),(134,'Brentford','Burnley',0.00,0.00,'2025-02-08','15:00:00',0,0),(135,'Newcastle United','Aston Villa',0.00,0.00,'2024-09-28','14:00:00',0,0),(136,'Aston Villa','Newcastle United',0.00,0.00,'2025-02-08','12:30:00',0,0),(137,'Bournemouth','Luton Town',0.00,0.00,'2024-09-28','17:00:00',0,0),(138,'Luton Town','Bournemouth',0.00,0.00,'2025-02-08','12:30:00',0,0),(139,'Brighton','West Ham United',0.00,0.00,'2024-09-28','17:00:00',0,0),(140,'West Ham United','Brighton',0.00,0.00,'2025-02-08','20:00:00',0,0),(141,'Wolverhampton Wanderers','Everton',0.00,0.00,'2024-10-06','15:00:00',0,0),(142,'Everton','Wolverhampton Wanderers',0.00,0.00,'2025-02-16','12:30:00',0,0),(143,'Nottingham Forest','Sheffield United',0.00,0.00,'2024-10-06','14:00:00',0,0),(144,'Sheffield United','Nottingham Forest',0.00,0.00,'2025-02-16','17:00:00',0,0),(145,'Crystal Palace','Fulham',0.00,0.00,'2024-10-06','15:00:00',0,0),(146,'Fulham','Crystal Palace',0.00,0.00,'2025-02-16','14:00:00',0,0),(147,'Chelsea','Tottenham Hotspur',0.00,0.00,'2024-10-06','12:30:00',0,0),(148,'Tottenham Hotspur','Chelsea',0.00,0.00,'2025-02-16','12:30:00',0,0),(149,'Liverpool','Arsenal',0.00,0.00,'2024-10-06','17:00:00',0,0),(150,'Arsenal','Liverpool',0.00,0.00,'2025-02-16','14:00:00',0,0),(151,'Burnley','Manchester United',0.00,0.00,'2024-10-06','17:00:00',0,0),(152,'Manchester United','Burnley',0.00,0.00,'2025-02-16','17:00:00',0,0),(153,'Newcastle United','Manchester City',0.00,0.00,'2024-10-06','14:00:00',0,0),(154,'Manchester City','Newcastle United',0.00,0.00,'2025-02-16','15:00:00',0,0),(155,'Bournemouth','Brentford',0.00,0.00,'2024-10-06','17:00:00',0,0),(156,'Brentford','Bournemouth',0.00,0.00,'2025-02-16','17:00:00',0,0),(157,'Brighton','Aston Villa',0.00,0.00,'2024-10-06','17:00:00',0,0),(158,'Aston Villa','Brighton',0.00,0.00,'2025-02-16','14:00:00',0,0),(159,'West Ham United','Luton Town',0.00,0.00,'2024-10-06','12:30:00',0,0),(160,'Luton Town','West Ham United',0.00,0.00,'2025-02-16','17:00:00',0,0),(161,'Wolverhampton Wanderers','Nottingham Forest',0.00,0.00,'2024-10-12','15:00:00',0,0),(162,'Nottingham Forest','Wolverhampton Wanderers',0.00,0.00,'2025-02-22','15:00:00',0,0),(163,'Crystal Palace','Everton',0.00,0.00,'2024-10-12','17:00:00',0,0),(164,'Everton','Crystal Palace',0.00,0.00,'2025-02-22','14:00:00',0,0),(165,'Chelsea','Sheffield United',0.00,0.00,'2024-10-12','12:30:00',0,0),(166,'Sheffield United','Chelsea',0.00,0.00,'2025-02-22','17:00:00',0,0),(167,'Liverpool','Fulham',0.00,0.00,'2024-10-12','20:00:00',0,0),(168,'Fulham','Liverpool',0.00,0.00,'2025-02-22','12:30:00',0,0),(169,'Burnley','Tottenham Hotspur',0.00,0.00,'2024-10-12','17:00:00',0,0),(170,'Tottenham Hotspur','Burnley',0.00,0.00,'2025-02-22','14:00:00',0,0),(171,'Newcastle United','Arsenal',0.00,0.00,'2024-10-12','17:00:00',0,0),(172,'Arsenal','Newcastle United',0.00,0.00,'2025-02-22','15:00:00',0,0),(173,'Bournemouth','Manchester United',0.00,0.00,'2024-10-12','14:00:00',0,0),(174,'Manchester United','Bournemouth',0.00,0.00,'2025-02-22','15:00:00',0,0),(175,'Brighton','Manchester City',0.00,0.00,'2024-10-12','12:30:00',0,0),(176,'Manchester City','Brighton',0.00,0.00,'2025-02-22','14:00:00',0,0),(177,'West Ham United','Brentford',0.00,0.00,'2024-10-12','14:00:00',0,0),(178,'Brentford','West Ham United',0.00,0.00,'2025-02-22','15:00:00',0,0),(179,'Luton Town','Aston Villa',0.00,0.00,'2024-10-12','12:30:00',0,0),(180,'Aston Villa','Luton Town',0.00,0.00,'2025-02-22','15:00:00',0,0),(181,'Wolverhampton Wanderers','Crystal Palace',0.00,0.00,'2024-10-20','15:00:00',0,0),(182,'Crystal Palace','Wolverhampton Wanderers',0.00,0.00,'2025-03-02','14:00:00',0,0),(183,'Chelsea','Nottingham Forest',0.00,0.00,'2024-10-20','15:00:00',0,0),(184,'Nottingham Forest','Chelsea',0.00,0.00,'2025-03-02','14:00:00',0,0),(185,'Liverpool','Everton',0.00,0.00,'2024-10-20','15:00:00',0,0),(186,'Everton','Liverpool',0.00,0.00,'2025-03-02','14:00:00',0,0),(187,'Burnley','Sheffield United',0.00,0.00,'2024-10-20','17:00:00',0,0),(188,'Sheffield United','Burnley',0.00,0.00,'2025-03-02','14:00:00',0,0),(189,'Newcastle United','Fulham',0.00,0.00,'2024-10-20','14:00:00',0,0),(190,'Fulham','Newcastle United',0.00,0.00,'2025-03-02','14:00:00',0,0),(191,'Bournemouth','Tottenham Hotspur',0.00,0.00,'2024-10-20','15:00:00',0,0),(192,'Tottenham Hotspur','Bournemouth',0.00,0.00,'2025-03-02','12:30:00',0,0),(193,'Brighton','Arsenal',0.00,0.00,'2024-10-20','15:00:00',0,0),(194,'Arsenal','Brighton',0.00,0.00,'2025-03-02','17:00:00',0,0),(195,'West Ham United','Manchester United',0.00,0.00,'2024-10-20','15:00:00',0,0),(196,'Manchester United','West Ham United',0.00,0.00,'2025-03-02','12:30:00',0,0),(197,'Luton Town','Manchester City',0.00,0.00,'2024-10-20','15:00:00',0,0),(198,'Manchester City','Luton Town',0.00,0.00,'2025-03-02','15:00:00',0,0),(199,'Aston Villa','Brentford',0.00,0.00,'2024-10-20','17:00:00',0,0),(200,'Brentford','Aston Villa',0.00,0.00,'2025-03-02','17:00:00',0,0),(201,'Wolverhampton Wanderers','Chelsea',0.00,0.00,'2024-10-26','12:30:00',0,0),(202,'Chelsea','Wolverhampton Wanderers',0.00,0.00,'2025-03-08','15:00:00',0,0),(203,'Liverpool','Crystal Palace',0.00,0.00,'2024-10-26','17:00:00',0,0),(204,'Crystal Palace','Liverpool',0.00,0.00,'2025-03-08','12:30:00',0,0),(205,'Burnley','Nottingham Forest',0.00,0.00,'2024-10-26','15:00:00',0,0),(206,'Nottingham Forest','Burnley',0.00,0.00,'2025-03-08','14:00:00',0,0),(207,'Newcastle United','Everton',0.00,0.00,'2024-10-26','14:00:00',0,0),(208,'Everton','Newcastle United',0.00,0.00,'2025-03-08','15:00:00',0,0),(209,'Bournemouth','Sheffield United',0.00,0.00,'2024-10-26','12:30:00',0,0),(210,'Sheffield United','Bournemouth',0.00,0.00,'2025-03-08','17:00:00',0,0),(211,'Brighton','Fulham',0.00,0.00,'2024-10-26','12:30:00',0,0),(212,'Fulham','Brighton',0.00,0.00,'2025-03-08','15:00:00',0,0),(213,'West Ham United','Tottenham Hotspur',0.00,0.00,'2024-10-26','17:00:00',0,0),(214,'Tottenham Hotspur','West Ham United',0.00,0.00,'2025-03-08','14:00:00',0,0),(215,'Luton Town','Arsenal',0.00,0.00,'2024-10-26','17:00:00',0,0),(216,'Arsenal','Luton Town',0.00,0.00,'2025-03-08','20:00:00',0,0),(217,'Aston Villa','Manchester United',0.00,0.00,'2024-10-26','14:00:00',0,0),(218,'Manchester United','Aston Villa',0.00,0.00,'2025-03-08','12:30:00',0,0),(219,'Brentford','Manchester City',0.00,0.00,'2024-10-26','12:30:00',0,0),(220,'Manchester City','Brentford',0.00,0.00,'2025-03-08','15:00:00',0,0),(221,'Wolverhampton Wanderers','Liverpool',0.00,0.00,'2024-11-03','20:00:00',0,0),(222,'Liverpool','Wolverhampton Wanderers',0.00,0.00,'2025-03-16','17:00:00',0,0),(223,'Burnley','Chelsea',0.00,0.00,'2024-11-03','17:00:00',0,0),(224,'Chelsea','Burnley',0.00,0.00,'2025-03-16','20:00:00',0,0),(225,'Newcastle United','Crystal Palace',0.00,0.00,'2024-11-03','20:00:00',0,0),(226,'Crystal Palace','Newcastle United',0.00,0.00,'2025-03-16','14:00:00',0,0),(227,'Bournemouth','Nottingham Forest',0.00,0.00,'2024-11-03','12:30:00',0,0),(228,'Nottingham Forest','Bournemouth',0.00,0.00,'2025-03-16','12:30:00',0,0),(229,'Brighton','Everton',0.00,0.00,'2024-11-03','14:00:00',0,0),(230,'Everton','Brighton',0.00,0.00,'2025-03-16','20:00:00',0,0),(231,'West Ham United','Sheffield United',0.00,0.00,'2024-11-03','14:00:00',0,0),(232,'Sheffield United','West Ham United',0.00,0.00,'2025-03-16','15:00:00',0,0),(233,'Luton Town','Fulham',0.00,0.00,'2024-11-03','15:00:00',0,0),(234,'Fulham','Luton Town',0.00,0.00,'2025-03-16','12:30:00',0,0),(235,'Aston Villa','Tottenham Hotspur',0.00,0.00,'2024-11-03','15:00:00',0,0),(236,'Tottenham Hotspur','Aston Villa',0.00,0.00,'2025-03-16','12:30:00',0,0),(237,'Brentford','Arsenal',0.00,0.00,'2024-11-03','20:00:00',0,0),(238,'Arsenal','Brentford',0.00,0.00,'2025-03-16','14:00:00',0,0),(239,'Manchester City','Manchester United',0.00,0.00,'2024-11-03','20:00:00',0,0),(240,'Manchester United','Manchester City',0.00,0.00,'2025-03-16','15:00:00',0,0),(241,'Wolverhampton Wanderers','Burnley',0.00,0.00,'2024-11-09','20:00:00',0,0),(242,'Burnley','Wolverhampton Wanderers',0.00,0.00,'2025-03-22','12:30:00',0,0),(243,'Newcastle United','Liverpool',0.00,0.00,'2024-11-09','15:00:00',0,0),(244,'Liverpool','Newcastle United',0.00,0.00,'2025-03-22','14:00:00',0,0),(245,'Bournemouth','Chelsea',0.00,0.00,'2024-11-09','12:30:00',0,0),(246,'Chelsea','Bournemouth',0.00,0.00,'2025-03-22','17:00:00',0,0),(247,'Brighton','Crystal Palace',0.00,0.00,'2024-11-09','12:30:00',0,0),(248,'Crystal Palace','Brighton',0.00,0.00,'2025-03-22','15:00:00',0,0),(249,'West Ham United','Nottingham Forest',0.00,0.00,'2024-11-09','12:30:00',0,0),(250,'Nottingham Forest','West Ham United',0.00,0.00,'2025-03-22','12:30:00',0,0),(251,'Luton Town','Everton',0.00,0.00,'2024-11-09','14:00:00',0,0),(252,'Everton','Luton Town',0.00,0.00,'2025-03-22','12:30:00',0,0),(253,'Aston Villa','Sheffield United',0.00,0.00,'2024-11-09','14:00:00',0,0),(254,'Sheffield United','Aston Villa',0.00,0.00,'2025-03-22','12:30:00',0,0),(255,'Brentford','Fulham',0.00,0.00,'2024-11-09','17:00:00',0,0),(256,'Fulham','Brentford',0.00,0.00,'2025-03-22','17:00:00',0,0),(257,'Manchester City','Tottenham Hotspur',0.00,0.00,'2024-11-09','20:00:00',0,0),(258,'Tottenham Hotspur','Manchester City',0.00,0.00,'2025-03-22','20:00:00',0,0),(259,'Manchester United','Arsenal',0.00,0.00,'2024-11-09','12:30:00',0,0),(260,'Arsenal','Manchester United',0.00,0.00,'2025-03-22','14:00:00',0,0),(261,'Wolverhampton Wanderers','Newcastle United',0.00,0.00,'2024-11-17','14:00:00',0,0),(262,'Newcastle United','Wolverhampton Wanderers',0.00,0.00,'2025-03-30','14:00:00',0,0),(263,'Bournemouth','Burnley',0.00,0.00,'2024-11-17','12:30:00',0,0),(264,'Burnley','Bournemouth',0.00,0.00,'2025-03-30','12:30:00',0,0),(265,'Brighton','Liverpool',0.00,0.00,'2024-11-17','12:30:00',0,0),(266,'Liverpool','Brighton',0.00,0.00,'2025-03-30','12:30:00',0,0),(267,'West Ham United','Chelsea',0.00,0.00,'2024-11-17','15:00:00',0,0),(268,'Chelsea','West Ham United',0.00,0.00,'2025-03-30','20:00:00',0,0),(269,'Luton Town','Crystal Palace',0.00,0.00,'2024-11-17','12:30:00',0,0),(270,'Crystal Palace','Luton Town',0.00,0.00,'2025-03-30','12:30:00',0,0),(271,'Aston Villa','Nottingham Forest',0.00,0.00,'2024-11-17','14:00:00',0,0),(272,'Nottingham Forest','Aston Villa',0.00,0.00,'2025-03-30','14:00:00',0,0),(273,'Brentford','Everton',0.00,0.00,'2024-11-17','12:30:00',0,0),(274,'Everton','Brentford',0.00,0.00,'2025-03-30','14:00:00',0,0),(275,'Manchester City','Sheffield United',0.00,0.00,'2024-11-17','12:30:00',0,0),(276,'Sheffield United','Manchester City',0.00,0.00,'2025-03-30','15:00:00',0,0),(277,'Manchester United','Fulham',0.00,0.00,'2024-11-17','14:00:00',0,0),(278,'Fulham','Manchester United',0.00,0.00,'2025-03-30','20:00:00',0,0),(279,'Arsenal','Tottenham Hotspur',0.00,0.00,'2024-11-17','20:00:00',0,0),(280,'Tottenham Hotspur','Arsenal',0.00,0.00,'2025-03-30','15:00:00',0,0),(281,'Wolverhampton Wanderers','Bournemouth',0.00,0.00,'2024-11-23','20:00:00',0,0),(282,'Bournemouth','Wolverhampton Wanderers',0.00,0.00,'2025-04-05','20:00:00',0,0),(283,'Brighton','Newcastle United',0.00,0.00,'2024-11-23','15:00:00',0,0),(284,'Newcastle United','Brighton',0.00,0.00,'2025-04-05','14:00:00',0,0),(285,'West Ham United','Burnley',0.00,0.00,'2024-11-23','17:00:00',0,0),(286,'Burnley','West Ham United',0.00,0.00,'2025-04-05','12:30:00',0,0),(287,'Luton Town','Liverpool',0.00,0.00,'2024-11-23','15:00:00',0,0),(288,'Liverpool','Luton Town',0.00,0.00,'2025-04-05','12:30:00',0,0),(289,'Aston Villa','Chelsea',0.00,0.00,'2024-11-23','12:30:00',0,0),(290,'Chelsea','Aston Villa',0.00,0.00,'2025-04-05','14:00:00',0,0),(291,'Brentford','Crystal Palace',0.00,0.00,'2024-11-23','15:00:00',0,0),(292,'Crystal Palace','Brentford',0.00,0.00,'2025-04-05','15:00:00',0,0),(293,'Manchester City','Nottingham Forest',0.00,0.00,'2024-11-23','14:00:00',0,0),(294,'Nottingham Forest','Manchester City',0.00,0.00,'2025-04-05','12:30:00',0,0),(295,'Manchester United','Everton',0.00,0.00,'2024-11-23','17:00:00',0,0),(296,'Everton','Manchester United',0.00,0.00,'2025-04-05','15:00:00',0,0),(297,'Arsenal','Sheffield United',0.00,0.00,'2024-11-23','17:00:00',0,0),(298,'Sheffield United','Arsenal',0.00,0.00,'2025-04-05','15:00:00',0,0),(299,'Tottenham Hotspur','Fulham',0.00,0.00,'2024-11-23','14:00:00',0,0),(300,'Fulham','Tottenham Hotspur',0.00,0.00,'2025-04-05','20:00:00',0,0),(301,'Wolverhampton Wanderers','Brighton',0.00,0.00,'2024-12-01','20:00:00',0,0),(302,'Brighton','Wolverhampton Wanderers',0.00,0.00,'2025-04-13','14:00:00',0,0),(303,'West Ham United','Bournemouth',0.00,0.00,'2024-12-01','14:00:00',0,0),(304,'Bournemouth','West Ham United',0.00,0.00,'2025-04-13','15:00:00',0,0),(305,'Luton Town','Newcastle United',0.00,0.00,'2024-12-01','20:00:00',0,0),(306,'Newcastle United','Luton Town',0.00,0.00,'2025-04-13','15:00:00',0,0),(307,'Aston Villa','Burnley',0.00,0.00,'2024-12-01','14:00:00',0,0),(308,'Burnley','Aston Villa',0.00,0.00,'2025-04-13','20:00:00',0,0),(309,'Brentford','Liverpool',0.00,0.00,'2024-12-01','12:30:00',0,0),(310,'Liverpool','Brentford',0.00,0.00,'2025-04-13','15:00:00',0,0),(311,'Manchester City','Chelsea',0.00,0.00,'2024-12-01','12:30:00',0,0),(312,'Chelsea','Manchester City',0.00,0.00,'2025-04-13','17:00:00',0,0),(313,'Manchester United','Crystal Palace',0.00,0.00,'2024-12-01','14:00:00',0,0),(314,'Crystal Palace','Manchester United',0.00,0.00,'2025-04-13','15:00:00',0,0),(315,'Arsenal','Nottingham Forest',0.00,0.00,'2024-12-01','17:00:00',0,0),(316,'Nottingham Forest','Arsenal',0.00,0.00,'2025-04-13','12:30:00',0,0),(317,'Tottenham Hotspur','Everton',0.00,0.00,'2024-12-01','20:00:00',0,0),(318,'Everton','Tottenham Hotspur',0.00,0.00,'2025-04-13','17:00:00',0,0),(319,'Fulham','Sheffield United',0.00,0.00,'2024-12-01','15:00:00',0,0),(320,'Sheffield United','Fulham',0.00,0.00,'2025-04-13','12:30:00',0,0),(321,'Wolverhampton Wanderers','West Ham United',0.00,0.00,'2024-12-07','17:00:00',0,0),(322,'West Ham United','Wolverhampton Wanderers',0.00,0.00,'2025-04-19','15:00:00',0,0),(323,'Luton Town','Brighton',0.00,0.00,'2024-12-07','20:00:00',0,0),(324,'Brighton','Luton Town',0.00,0.00,'2025-04-19','17:00:00',0,0),(325,'Aston Villa','Bournemouth',0.00,0.00,'2024-12-07','20:00:00',0,0),(326,'Bournemouth','Aston Villa',0.00,0.00,'2025-04-19','15:00:00',0,0),(327,'Brentford','Newcastle United',0.00,0.00,'2024-12-07','17:00:00',0,0),(328,'Newcastle United','Brentford',0.00,0.00,'2025-04-19','15:00:00',0,0),(329,'Manchester City','Burnley',0.00,0.00,'2024-12-07','12:30:00',0,0),(330,'Burnley','Manchester City',0.00,0.00,'2025-04-19','15:00:00',0,0),(331,'Manchester United','Liverpool',0.00,0.00,'2024-12-07','12:30:00',0,0),(332,'Liverpool','Manchester United',0.00,0.00,'2025-04-19','17:00:00',0,0),(333,'Arsenal','Chelsea',0.00,0.00,'2024-12-07','14:00:00',0,0),(334,'Chelsea','Arsenal',0.00,0.00,'2025-04-19','20:00:00',0,0),(335,'Tottenham Hotspur','Crystal Palace',0.00,0.00,'2024-12-07','15:00:00',0,0),(336,'Crystal Palace','Tottenham Hotspur',0.00,0.00,'2025-04-19','17:00:00',0,0),(337,'Fulham','Nottingham Forest',0.00,0.00,'2024-12-07','17:00:00',0,0),(338,'Nottingham Forest','Fulham',0.00,0.00,'2025-04-19','12:30:00',0,0),(339,'Sheffield United','Everton',0.00,0.00,'2024-12-07','17:00:00',0,0),(340,'Everton','Sheffield United',0.00,0.00,'2025-04-19','17:00:00',0,0),(341,'Wolverhampton Wanderers','Luton Town',0.00,0.00,'2024-12-15','12:30:00',0,0),(342,'Luton Town','Wolverhampton Wanderers',0.00,0.00,'2025-04-27','14:00:00',0,0),(343,'Aston Villa','West Ham United',0.00,0.00,'2024-12-15','15:00:00',0,0),(344,'West Ham United','Aston Villa',0.00,0.00,'2025-04-27','14:00:00',0,0),(345,'Brentford','Brighton',0.00,0.00,'2024-12-15','14:00:00',0,0),(346,'Brighton','Brentford',0.00,0.00,'2025-04-27','17:00:00',0,0),(347,'Manchester City','Bournemouth',0.00,0.00,'2024-12-15','12:30:00',0,0),(348,'Bournemouth','Manchester City',0.00,0.00,'2025-04-27','15:00:00',0,0),(349,'Manchester United','Newcastle United',0.00,0.00,'2024-12-15','15:00:00',0,0),(350,'Newcastle United','Manchester United',0.00,0.00,'2025-04-27','20:00:00',0,0),(351,'Arsenal','Burnley',0.00,0.00,'2024-12-15','14:00:00',0,0),(352,'Burnley','Arsenal',0.00,0.00,'2025-04-27','12:30:00',0,0),(353,'Tottenham Hotspur','Liverpool',0.00,0.00,'2024-12-15','14:00:00',0,0),(354,'Liverpool','Tottenham Hotspur',0.00,0.00,'2025-04-27','20:00:00',0,0),(355,'Fulham','Chelsea',0.00,0.00,'2024-12-15','12:30:00',0,0),(356,'Chelsea','Fulham',0.00,0.00,'2025-04-27','17:00:00',0,0),(357,'Sheffield United','Crystal Palace',0.00,0.00,'2024-12-15','12:30:00',0,0),(358,'Crystal Palace','Sheffield United',0.00,0.00,'2025-04-27','20:00:00',0,0),(359,'Everton','Nottingham Forest',0.00,0.00,'2024-12-15','14:00:00',0,0),(360,'Nottingham Forest','Everton',0.00,0.00,'2025-04-27','20:00:00',0,0),(361,'Wolverhampton Wanderers','Aston Villa',0.00,0.00,'2024-12-21','14:00:00',0,0),(362,'Aston Villa','Wolverhampton Wanderers',0.00,0.00,'2025-05-03','17:00:00',0,0),(363,'Brentford','Luton Town',0.00,0.00,'2024-12-21','15:00:00',0,0),(364,'Luton Town','Brentford',0.00,0.00,'2025-05-03','14:00:00',0,0),(365,'Manchester City','West Ham United',0.00,0.00,'2024-12-21','17:00:00',0,0),(366,'West Ham United','Manchester City',0.00,0.00,'2025-05-03','20:00:00',0,0),(367,'Manchester United','Brighton',0.00,0.00,'2024-12-21','14:00:00',0,0),(368,'Brighton','Manchester United',0.00,0.00,'2025-05-03','17:00:00',0,0),(369,'Arsenal','Bournemouth',0.00,0.00,'2024-12-21','17:00:00',0,0),(370,'Bournemouth','Arsenal',0.00,0.00,'2025-05-03','14:00:00',0,0),(371,'Tottenham Hotspur','Newcastle United',0.00,0.00,'2024-12-21','12:30:00',0,0),(372,'Newcastle United','Tottenham Hotspur',0.00,0.00,'2025-05-03','14:00:00',0,0),(373,'Fulham','Burnley',0.00,0.00,'2024-12-21','14:00:00',0,0),(374,'Burnley','Fulham',0.00,0.00,'2025-05-03','14:00:00',0,0),(375,'Sheffield United','Liverpool',0.00,0.00,'2024-12-21','17:00:00',0,0),(376,'Liverpool','Sheffield United',0.00,0.00,'2025-05-03','15:00:00',0,0),(377,'Everton','Chelsea',0.00,0.00,'2024-12-21','15:00:00',0,0),(378,'Chelsea','Everton',0.00,0.00,'2025-05-03','14:00:00',0,0),(379,'Nottingham Forest','Crystal Palace',0.00,0.00,'2024-12-21','14:00:00',0,0),(380,'Crystal Palace','Nottingham Forest',0.00,0.00,'2025-05-03','17:00:00',0,0);
/*!40000 ALTER TABLE `fixtures` ENABLE KEYS */;
UNLOCK TABLES;

--
-- Table structure for table `teams`
--

DROP TABLE IF EXISTS `teams`;
/*!40101 SET @saved_cs_client     = @@character_set_client */;
/*!40101 SET character_set_client = utf8 */;
CREATE TABLE `teams` (
  `name` varchar(30) NOT NULL,
  `manager` varchar(40) NOT NULL,
  `grounds` varchar(40) NOT NULL,
  PRIMARY KEY (`name`)
) ENGINE=InnoDB DEFAULT CHARSET=utf8mb4 COLLATE=utf8mb4_general_ci;
/*!40101 SET character_set_client = @saved_cs_client */;

--
-- Dumping data for table `teams`
--

LOCK TABLES `teams` WRITE;
/*!40000 ALTER TABLE `teams` DISABLE KEYS */;
INSERT INTO `teams` VALUES ('Arsenal','Mikel Arteta','Emirates Stadium'),('Aston Villa','Unai Emery','Villa Park'),('Bournemouth','Andoni Iraola','Vitality Stadium'),('Brentford','Thomas Frank','Gtech Community Stadium'),('Brighton','Roberto De Zerbi','American Express Stadium'),('Burnley','Vincent Kompany','Turf Moor'),('Chelsea','Mauricio Pochettino','Stamford Bridge'),('Crystal Palace','Oliver Glasner','Selhurst Park'),('Everton','Sean Dyche','Goodison Park'),('Fulham','Mikel Arteta','Craven Cottage'),('Liverpool','Jurgen Klopp','Anfield'),('Luton Town','Rob Edwards','Kenilworth Road'),('Manchester City','Pep Guardiola','Etihad Stadium'),('Manchester United','Erik Ten Hag','Old Trafford'),('Newcastle United','Eddie Howe','St James Park'),('Nottingham Forest','Nuno Santo','City Ground'),('Sheffield United','Chris Wilder','Bramall Lane'),('Tottenham Hotspur','Ange Postecoglou','Tottenham Hotspur Stadium'),('West Ham United','David Moyes','London Stadium'),('Wolverhampton Wanderers','Gary O Neil','Molineux Stadium');
/*!40000 ALTER TABLE `teams` ENABLE KEYS */;
UNLOCK TABLES;
/*!40103 SET TIME_ZONE=@OLD_TIME_ZONE */;

/*!40101 SET SQL_MODE=@OLD_SQL_MODE */;
/*!40014 SET FOREIGN_KEY_CHECKS=@OLD_FOREIGN_KEY_CHECKS */;
/*!40014 SET UNIQUE_CHECKS=@OLD_UNIQUE_CHECKS */;
/*!40101 SET CHARACTER_SET_CLIENT=@OLD_CHARACTER_SET_CLIENT */;
/*!40101 SET CHARACTER_SET_RESULTS=@OLD_CHARACTER_SET_RESULTS */;
/*!40101 SET COLLATION_CONNECTION=@OLD_COLLATION_CONNECTION */;
/*!40111 SET SQL_NOTES=@OLD_SQL_NOTES */;

-- Dump completed on 2024-04-28  2:57:04
